,problem_id,opt_obj,solver_time
0,0,0.7953480508164766,36.5163049697876
