,problem_id,opt_obj,solver_time
0,0,0.03809617468377155,4.083714723587036
