,problem_id,opt_obj,solver_time
0,0,0.048277740387668064,25.46906089782715
