,problem_id,opt_obj,solver_time
0,0,0.7704288108731203,0.34675049781799316
